<mxGraphModel>
  <root>
    <mxCell id="8616c633-62d7-b56f-17fe-9c4594d51fa1"/>
    <mxCell id="1c77877b-a8c6-c5c9-bf55-e88138e37cb0" parent="8616c633-62d7-b56f-17fe-9c4594d51fa1"/>
    <start label="Start" id="e7544581-66c5-aed5-8931-36ccd74f0f94">
      <mxCell style="image;image=images/symbols/event.png" parent="1c77877b-a8c6-c5c9-bf55-e88138e37cb0" vertex="1">
        <mxGeometry x="21" y="74.5" width="25" height="25" as="geometry"/>
      </mxCell>
    </start>
    <end label="End" id="f56c3ceb-a503-8dca-1b3a-0ff14b0eba86">
      <mxCell style="image;image=images/symbols/terminate.png" parent="1c77877b-a8c6-c5c9-bf55-e88138e37cb0" vertex="1">
        <mxGeometry x="1576" y="74.5" width="25" height="25" as="geometry"/>
      </mxCell>
    </end>
    <rule name="assignOwnership" properties="{&quot;properties.owner&quot;:&quot;${createdBy}&quot;}" label="Assign Creator" id="4540ce3c-d228-1fba-d293-1decaa61d7fe">
      <mxCell style="image;image=images/owner.png" parent="1c77877b-a8c6-c5c9-bf55-e88138e37cb0" vertex="1">
        <mxGeometry x="135" y="172.5" width="38" height="38" as="geometry"/>
      </mxCell>
    </rule>
    <party label="Owner" to="${owner}" instruction="" allocationmethod="Original Recipient" groupdistribution="Rotational" id="742c6e3c-533e-3029-2d88-d693f7c35a9a">
      <mxCell style="image;image=images/user.png" parent="1c77877b-a8c6-c5c9-bf55-e88138e37cb0" vertex="1">
        <mxGeometry x="204" y="63" width="48" height="48" as="geometry"/>
      </mxCell>
    </party>
    <mxCell id="1423dd3d-b505-a9f4-372e-fb51de792378" value="owner == null || owner == &#39;&#39;" parent="1c77877b-a8c6-c5c9-bf55-e88138e37cb0" source="e7544581-66c5-aed5-8931-36ccd74f0f94" target="4540ce3c-d228-1fba-d293-1decaa61d7fe" edge="1" label="No owner">
      <mxGeometry relative="1" as="geometry">
        <Array as="points">
          <mxPoint x="34" y="198"/>
        </Array>
      </mxGeometry>
    </mxCell>
    <event label="Document.sign" async="false" id="2ef671e2-08de-27b8-c3a1-8aae45fafc1e">
      <mxCell style="image;image=images/symbols/rule.png" parent="1c77877b-a8c6-c5c9-bf55-e88138e37cb0" vertex="1">
        <mxGeometry x="291" y="71" width="32" height="32" as="geometry"/>
      </mxCell>
    </event>
    <mxCell id="d0eb2d57-d46c-1b4b-22eb-d0044e2e1285" value="" parent="1c77877b-a8c6-c5c9-bf55-e88138e37cb0" source="742c6e3c-533e-3029-2d88-d693f7c35a9a" target="2ef671e2-08de-27b8-c3a1-8aae45fafc1e" edge="1">
      <mxGeometry relative="1" as="geometry"/>
    </mxCell>
    <rule name="runScript" properties="{&quot;properties.sync&quot;:&quot;false&quot;,&quot;properties.script&quot;:&quot;&quot;,&quot;properties.path&quot;:&quot;System/scripts/StartCounterOfferMemo.groovy&quot;}" label="Start Counter Offer Memo" id="899c39c6-3703-474b-8d08-f6c10cda61bd">
      <mxCell style="image;image=images/script.png" parent="1c77877b-a8c6-c5c9-bf55-e88138e37cb0" vertex="1">
        <mxGeometry x="1222" y="68" width="38" height="38" as="geometry"/>
      </mxCell>
    </rule>
    <version label="0.27" docid="1113" date="Mon Mar 26 2018 11:56:32 GMT+0200 (SAST)" docId="23533" id="10bdeb51-dbd6-485e-4da0-1e9f8f01d9f6">
      <mxCell parent="1c77877b-a8c6-c5c9-bf55-e88138e37cb0" vertex="1" connectable="0">
        <mxGeometry x="5" y="5" width="40" height="20" as="geometry"/>
      </mxCell>
    </version>
    <rule name="runScript" properties="{&quot;properties.sync&quot;:&quot;false&quot;,&quot;properties.script&quot;:&quot;&quot;,&quot;properties.path&quot;:&quot;System/scripts/AssignEmployeeTerminationManager.groovy&quot;}" label="Assign" id="6fee3271-6f04-639c-da0e-4aa44cff5cc8">
      <mxCell style="image;image=images/script.png" parent="1c77877b-a8c6-c5c9-bf55-e88138e37cb0" vertex="1">
        <mxGeometry x="730" y="68" width="38" height="38" as="geometry"/>
      </mxCell>
    </rule>
    <event label="Document.sign" async="false" id="4d50ccff-e9a1-56e4-31f9-77be60b65afc">
      <mxCell style="image;image=images/symbols/rule.png" parent="1c77877b-a8c6-c5c9-bf55-e88138e37cb0" vertex="1">
        <mxGeometry x="976" y="71" width="32" height="32" as="geometry"/>
      </mxCell>
    </event>
    <task label="Counter Offer" file="true" id="a109e758-a187-4172-44b9-f4c18bc78781">
      <mxCell style="rectangle" parent="1c77877b-a8c6-c5c9-bf55-e88138e37cb0" vertex="1">
        <mxGeometry x="1333" y="67" width="105" height="40" as="geometry"/>
      </mxCell>
    </task>
    <mxCell id="ff8dc2c3-c4a6-f760-fed1-64dec7d165ed" value="" parent="1c77877b-a8c6-c5c9-bf55-e88138e37cb0" source="899c39c6-3703-474b-8d08-f6c10cda61bd" target="a109e758-a187-4172-44b9-f4c18bc78781" edge="1">
      <mxGeometry relative="1" as="geometry"/>
    </mxCell>
    <mxCell id="43d79588-fb3f-75f0-064c-56c9af4bd3fa" value="counter_offer == &#39;true&#39;" parent="1c77877b-a8c6-c5c9-bf55-e88138e37cb0" source="a109e758-a187-4172-44b9-f4c18bc78781" target="f56c3ceb-a503-8dca-1b3a-0ff14b0eba86" edge="1" label="Counter offer accepted">
      <mxGeometry relative="1" as="geometry"/>
    </mxCell>
    <rule name="sendEmail" properties="{&quot;properties.to&quot;:&quot;${_officer_}&quot;,&quot;properties.subject&quot;:&quot;Approved Resignation Letter for Employee ${owner}&quot;,&quot;properties.from&quot;:&quot;No-reply@Transnet.co.za&quot;,&quot;properties.inReplyTo&quot;:&quot;&quot;,&quot;properties.html&quot;:&quot;true&quot;,&quot;properties.sms&quot;:&quot;false&quot;,&quot;properties.body&quot;:&quot;Dear ${_officer_}\n\nPlease Review Approved Resignation Letter from Employee ${owner}\n\nPlease Generate and Complete Acknowledgement Letter for sign off\n\nTo access the form, click on the link below\n\n${perm_link}&quot;,&quot;properties.attachSource&quot;:&quot;false&quot;,&quot;properties.attachAttachments&quot;:&quot;false&quot;,&quot;properties.attachPdf&quot;:&quot;false&quot;,&quot;properties.attachLinks&quot;:&quot;false&quot;,&quot;properties.index&quot;:&quot;&quot;}" label="Notify Officer" id="003a4c51-5378-be36-75f6-3ec95cffec8e">
      <mxCell style="image;image=images/send_email.png" parent="1c77877b-a8c6-c5c9-bf55-e88138e37cb0" vertex="1">
        <mxGeometry x="946" y="355.5" width="38" height="38" as="geometry"/>
      </mxCell>
    </rule>
    <party label="HCP" to="${_hcp_}" instruction="" allocationmethod="Original Recipient" groupdistribution="Rotational" node="" menu="Workflow" currentusersonly="true" documentbased="false" id="4f409f4e-ed74-f6a6-c5cf-d6cf00eb2677">
















                                                                                                      <audit audit="" description=""/>
















                                                                                                      <status status="${users}" field="_officer_"/>
      <mxCell style="image;image=images/user.png" parent="1c77877b-a8c6-c5c9-bf55-e88138e37cb0" vertex="1">
        <mxGeometry x="1036" y="350.5" width="48" height="48" as="geometry"/>
      </mxCell>
    </party>
    <mxCell id="e23598b2-c69b-9e7f-0f77-8918cdfab342" value="" parent="1c77877b-a8c6-c5c9-bf55-e88138e37cb0" source="003a4c51-5378-be36-75f6-3ec95cffec8e" target="4f409f4e-ed74-f6a6-c5cf-d6cf00eb2677" edge="1">
      <mxGeometry relative="1" as="geometry"/>
    </mxCell>
    <event label="Document.sign" async="false" id="cef88511-b21e-5e84-25cf-4d7b2fe1f933">
      <mxCell style="image;image=images/symbols/rule.png" parent="1c77877b-a8c6-c5c9-bf55-e88138e37cb0" vertex="1">
        <mxGeometry x="1161" y="358.5" width="32" height="32" as="geometry"/>
      </mxCell>
    </event>
    <mxCell id="dcc5b365-4179-2b8f-b356-efaf7d93acc6" value="" parent="1c77877b-a8c6-c5c9-bf55-e88138e37cb0" source="4f409f4e-ed74-f6a6-c5cf-d6cf00eb2677" target="cef88511-b21e-5e84-25cf-4d7b2fe1f933" edge="1">
      <mxGeometry relative="1" as="geometry"/>
    </mxCell>
    <rule name="file" properties="{}" label="File" node="" menu="Workflow" currentusersonly="true" documentbased="false" id="b6f73f7a-5154-4954-5e02-4e6b953684fb">














                                                                                          <audit audit="" description=""/>














                                                                                          <status status="filed" field="workflow_status"/>
      <mxCell style="image;image=images/file.png" parent="1c77877b-a8c6-c5c9-bf55-e88138e37cb0" vertex="1">
        <mxGeometry x="1376.5" y="355.5" width="38" height="38" as="geometry"/>
      </mxCell>
    </rule>
    <end label="End" id="8c087cef-9dd6-4169-06ac-a169ffb06099">
      <mxCell style="image;image=images/symbols/terminate.png" parent="1c77877b-a8c6-c5c9-bf55-e88138e37cb0" vertex="1">
        <mxGeometry x="1472" y="362" width="25" height="25" as="geometry"/>
      </mxCell>
    </end>
    <mxCell id="20f23f34-98f7-cc60-ba2f-60b7f9fd4131" value="" parent="1c77877b-a8c6-c5c9-bf55-e88138e37cb0" source="b6f73f7a-5154-4954-5e02-4e6b953684fb" target="8c087cef-9dd6-4169-06ac-a169ffb06099" edge="1">
      <mxGeometry relative="1" as="geometry"/>
    </mxCell>
    <rule name="sendEmail" properties="{&quot;properties.to&quot;:&quot;${owner}&quot;,&quot;properties.subject&quot;:&quot;Accepted Resignation Letter for Employee ${owner}&quot;,&quot;properties.from&quot;:&quot;No-reply@Transnet.co.za&quot;,&quot;properties.inReplyTo&quot;:&quot;&quot;,&quot;properties.html&quot;:&quot;true&quot;,&quot;properties.sms&quot;:&quot;false&quot;,&quot;properties.body&quot;:&quot;Dear ${owner}\n\nYour Resignation has been accepted and is busy being processed&quot;,&quot;properties.attachSource&quot;:&quot;false&quot;,&quot;properties.attachAttachments&quot;:&quot;false&quot;,&quot;properties.attachPdf&quot;:&quot;false&quot;,&quot;properties.attachLinks&quot;:&quot;false&quot;,&quot;properties.index&quot;:&quot;&quot;}" label="Notify Owner" id="4f2014bf-e78d-f26f-2d73-de115e6140d2">
      <mxCell style="image;image=images/send_email.png" parent="1c77877b-a8c6-c5c9-bf55-e88138e37cb0" vertex="1">
        <mxGeometry x="946" y="270" width="38" height="38" as="geometry"/>
      </mxCell>
    </rule>
    <mxCell id="4a6f52ba-5b50-ba7e-4312-dc11119b3360" value="" parent="1c77877b-a8c6-c5c9-bf55-e88138e37cb0" source="4f2014bf-e78d-f26f-2d73-de115e6140d2" target="003a4c51-5378-be36-75f6-3ec95cffec8e" edge="1">
      <mxGeometry relative="1" as="geometry"/>
    </mxCell>
    <rule name="sendEmail" properties="{&quot;properties.to&quot;:&quot;${owner}&quot;,&quot;properties.subject&quot;:&quot;Declined Resignation Letter for Employee ${owner}&quot;,&quot;properties.from&quot;:&quot;No-reply@Transnet.co.za&quot;,&quot;properties.inReplyTo&quot;:&quot;&quot;,&quot;properties.html&quot;:&quot;true&quot;,&quot;properties.sms&quot;:&quot;false&quot;,&quot;properties.body&quot;:&quot;Dear ${owner}\n\nYour Resignation has been declined&quot;,&quot;properties.attachSource&quot;:&quot;false&quot;,&quot;properties.attachAttachments&quot;:&quot;false&quot;,&quot;properties.attachPdf&quot;:&quot;false&quot;,&quot;properties.attachLinks&quot;:&quot;false&quot;,&quot;properties.index&quot;:&quot;&quot;}" label="Notify" id="32f70e44-ba1c-724e-c030-c40d33daf81d">
      <mxCell style="image;image=images/send_email.png" parent="1c77877b-a8c6-c5c9-bf55-e88138e37cb0" vertex="1">
        <mxGeometry x="1105" y="68" width="38" height="38" as="geometry"/>
      </mxCell>
    </rule>
    <mxCell id="24c7cc37-850b-ea9b-aeb6-eea8438dbeb6" value="reason == &#39;Declined&#39;" parent="1c77877b-a8c6-c5c9-bf55-e88138e37cb0" source="4d50ccff-e9a1-56e4-31f9-77be60b65afc" target="32f70e44-ba1c-724e-c030-c40d33daf81d" edge="1" label="Declined">
      <mxGeometry relative="1" as="geometry"/>
    </mxCell>
    <mxCell id="24fc79f4-8647-bb5c-2b62-6a5935daeaac" value="" parent="1c77877b-a8c6-c5c9-bf55-e88138e37cb0" source="32f70e44-ba1c-724e-c030-c40d33daf81d" target="899c39c6-3703-474b-8d08-f6c10cda61bd" edge="1">
      <mxGeometry relative="1" as="geometry"/>
    </mxCell>
    <rule name="runScript" properties="{&quot;properties.sync&quot;:&quot;false&quot;,&quot;properties.script&quot;:&quot;&quot;,&quot;properties.path&quot;:&quot;System/scripts/PrepopulateEmployeeTerminationResignation.groovy&quot;}" label="Prepopulate" id="effb475d-1d84-c31f-5fca-985e73749eb6">
      <mxCell style="image;image=images/script.png" parent="1c77877b-a8c6-c5c9-bf55-e88138e37cb0" vertex="1">
        <mxGeometry x="135" y="68" width="38" height="38" as="geometry"/>
      </mxCell>
    </rule>
    <mxCell id="42ef8170-eb19-26f3-6252-2476b2fe393f" value="" parent="1c77877b-a8c6-c5c9-bf55-e88138e37cb0" source="4540ce3c-d228-1fba-d293-1decaa61d7fe" target="effb475d-1d84-c31f-5fca-985e73749eb6" edge="1">
      <mxGeometry relative="1" as="geometry"/>
    </mxCell>
    <mxCell id="45a3a13b-cf93-42b4-3b26-f5c5875017b9" value="owner != null &amp;&amp; owner != &#39;&#39;" parent="1c77877b-a8c6-c5c9-bf55-e88138e37cb0" source="e7544581-66c5-aed5-8931-36ccd74f0f94" target="effb475d-1d84-c31f-5fca-985e73749eb6" edge="1" label="Owner set">
      <mxGeometry relative="1" as="geometry">
        <Array as="points"/>
      </mxGeometry>
    </mxCell>
    <mxCell id="0f2fb289-5851-6540-371e-5fd5f76e6d65" value="" parent="1c77877b-a8c6-c5c9-bf55-e88138e37cb0" source="effb475d-1d84-c31f-5fca-985e73749eb6" target="742c6e3c-533e-3029-2d88-d693f7c35a9a" edge="1">
      <mxGeometry relative="1" as="geometry"/>
    </mxCell>
    <rule name="runScript" properties="{&quot;properties.sync&quot;:&quot;false&quot;,&quot;properties.script&quot;:&quot;&quot;,&quot;properties.path&quot;:&quot;System/scripts/StartEmployeeTerminationAcknowledge.groovy&quot;}" label="Start Acknowledge Letter" id="b231ad52-47e4-e01a-979f-221ea70b90b6">
      <mxCell style="image;image=images/script.png" parent="1c77877b-a8c6-c5c9-bf55-e88138e37cb0" vertex="1">
        <mxGeometry x="1264" y="356" width="38" height="38" as="geometry"/>
      </mxCell>
    </rule>
    <mxCell id="a5232f8b-929a-5fe7-ced7-b5883d19e97f" value="counter_offer == null || counter_offer != &#39;true&#39;" parent="1c77877b-a8c6-c5c9-bf55-e88138e37cb0" source="a109e758-a187-4172-44b9-f4c18bc78781" target="b231ad52-47e4-e01a-979f-221ea70b90b6" edge="1" label="Counter offer not approved or accepted">
      <mxGeometry relative="1" as="geometry">
        <Array as="points">
          <mxPoint x="1386" y="195"/>
        </Array>
      </mxGeometry>
    </mxCell>
    <rule name="runScript" properties="{&quot;properties.sync&quot;:&quot;false&quot;,&quot;properties.script&quot;:&quot;import com.egis.kernel.Kernel;\ndoc.signature().assignRole(&#39;_er_officer_&#39;, &#39;&#39;)\ndoc.workflow().set(&#39;_er_officer_&#39;, Kernel.get(&#39;com.egis.party.GroupService&#39;).getMembers(&#39;ER Officer&#39;, null)[0])\n&quot;,&quot;properties.path&quot;:&quot;&quot;}" id="c8d7fec0-f2a8-defc-0938-cf9d06466c13">
      <mxCell style="image;image=images/script.png" parent="1c77877b-a8c6-c5c9-bf55-e88138e37cb0" vertex="1">
        <mxGeometry x="452" y="68" width="38" height="38" as="geometry"/>
      </mxCell>
    </rule>
    <party label="Employee Relations Officer" to="${_er_officer_}" instruction="" allocationmethod="Original Recipient" groupdistribution="Rotational" id="9a5ce0e5-6551-9d90-df47-86fc8ba0205b">
      <mxCell style="image;image=images/user.png" parent="1c77877b-a8c6-c5c9-bf55-e88138e37cb0" vertex="1">
        <mxGeometry x="535" y="63" width="48" height="48" as="geometry"/>
      </mxCell>
    </party>
    <mxCell id="07c1d0ae-9db0-a9d3-5a92-f35e7fadf1a9" value="" parent="1c77877b-a8c6-c5c9-bf55-e88138e37cb0" source="c8d7fec0-f2a8-defc-0938-cf9d06466c13" target="9a5ce0e5-6551-9d90-df47-86fc8ba0205b" edge="1">
      <mxGeometry relative="1" as="geometry"/>
    </mxCell>
    <event label="Document.sign" async="false" id="6da51108-ab3b-4664-b1af-822336ffa2b0">
      <mxCell style="image;image=images/symbols/rule.png" parent="1c77877b-a8c6-c5c9-bf55-e88138e37cb0" vertex="1">
        <mxGeometry x="657" y="71" width="32" height="32" as="geometry"/>
      </mxCell>
    </event>
    <mxCell id="70276a21-5345-4ec7-0087-ac63d7559857" value="" parent="1c77877b-a8c6-c5c9-bf55-e88138e37cb0" source="9a5ce0e5-6551-9d90-df47-86fc8ba0205b" target="6da51108-ab3b-4664-b1af-822336ffa2b0" edge="1">
      <mxGeometry relative="1" as="geometry"/>
    </mxCell>
    <mxCell id="657510dc-1003-7ab9-7346-95515961371b" value="" parent="1c77877b-a8c6-c5c9-bf55-e88138e37cb0" source="6da51108-ab3b-4664-b1af-822336ffa2b0" target="6fee3271-6f04-639c-da0e-4aa44cff5cc8" edge="1">
      <mxGeometry relative="1" as="geometry"/>
    </mxCell>
    <mxCell id="96a4ed4f-fc9d-9e85-2d5e-cd3cae5b2e8f" value="" parent="1c77877b-a8c6-c5c9-bf55-e88138e37cb0" source="cef88511-b21e-5e84-25cf-4d7b2fe1f933" target="b231ad52-47e4-e01a-979f-221ea70b90b6" edge="1">
      <mxGeometry relative="1" as="geometry"/>
    </mxCell>
    <mxCell id="6aceb2d4-6447-9529-8979-fdd99e7642eb" value="" parent="1c77877b-a8c6-c5c9-bf55-e88138e37cb0" source="b231ad52-47e4-e01a-979f-221ea70b90b6" target="b6f73f7a-5154-4954-5e02-4e6b953684fb" edge="1">
      <mxGeometry relative="1" as="geometry"/>
    </mxCell>
    <rule name="runScript" properties="{&quot;properties.sync&quot;:&quot;false&quot;,&quot;properties.script&quot;:&quot;import com.egis.kernel.Kernel;\ndoc.signature().assignRole(&#39;_hcp_&#39;, &#39;&#39;)\ndoc.workflow().set(&#39;_hcp_&#39;, Kernel.get(&#39;com.egis.party.GroupService&#39;).getMembers(&#39;HCP&#39;, null)[0])\n&quot;,&quot;properties.path&quot;:&quot;&quot;}" id="3431915c-e84d-86a8-e7d9-2858c6fe21b2">
      <mxCell style="image;image=images/script.png" parent="1c77877b-a8c6-c5c9-bf55-e88138e37cb0" vertex="1">
        <mxGeometry x="957" y="177" width="38" height="38" as="geometry"/>
      </mxCell>
    </rule>
    <mxCell id="682cb78e-29b1-ac84-ccf4-8f57ad824394" value="reason == &#39;Accepted&#39;" style="elbow=horizontal" parent="1c77877b-a8c6-c5c9-bf55-e88138e37cb0" source="4d50ccff-e9a1-56e4-31f9-77be60b65afc" target="3431915c-e84d-86a8-e7d9-2858c6fe21b2" edge="1" label="Accepted">
      <mxGeometry relative="1" as="geometry"/>
    </mxCell>
    <mxCell id="4c954bd3-94a1-97a0-7283-b4d1d1cd9aea" value="" parent="1c77877b-a8c6-c5c9-bf55-e88138e37cb0" source="3431915c-e84d-86a8-e7d9-2858c6fe21b2" target="4f2014bf-e78d-f26f-2d73-de115e6140d2" edge="1">
      <mxGeometry relative="1" as="geometry"/>
    </mxCell>
    <rule name="runScript" properties="{&quot;properties.sync&quot;:&quot;false&quot;,&quot;properties.script&quot;:&quot;import com.egis.kernel.Kernel;\ndoc.signature().assignRole(&#39;forensic_investigator&#39;, &#39;&#39;)\ndoc.workflow().set(&#39;forensic_investigator&#39;, Kernel.get(&#39;com.egis.party.GroupService&#39;).getMembers(&#39;Forensic Investigator&#39;, null)[0])\n&quot;,&quot;properties.path&quot;:&quot;&quot;}" id="5e1f1530-108b-c7b5-fa63-a50482347e8b">
      <mxCell style="image;image=images/script.png" parent="1c77877b-a8c6-c5c9-bf55-e88138e37cb0" vertex="1">
        <mxGeometry x="449" y="165" width="38" height="38" as="geometry"/>
      </mxCell>
    </rule>
    <party label="Forensic Investigator" to="${forensic_investigator}" instruction="" allocationmethod="Original Recipient" groupdistribution="Rotational" id="4c56d625-4946-08e5-caa2-73b76e63381e">
      <mxCell style="image;image=images/user.png" parent="1c77877b-a8c6-c5c9-bf55-e88138e37cb0" vertex="1">
        <mxGeometry x="527" y="160" width="48" height="48" as="geometry"/>
      </mxCell>
    </party>
    <mxCell id="cb6698ea-c4f3-b078-4514-d8b8ff51b53e" value="" parent="1c77877b-a8c6-c5c9-bf55-e88138e37cb0" source="5e1f1530-108b-c7b5-fa63-a50482347e8b" target="4c56d625-4946-08e5-caa2-73b76e63381e" edge="1">
      <mxGeometry relative="1" as="geometry"/>
    </mxCell>
    <event label="Document.sign" async="false" id="e3c37c0c-4b63-8d9c-62d2-fae7b22a4942">
      <mxCell style="image;image=images/symbols/rule.png" parent="1c77877b-a8c6-c5c9-bf55-e88138e37cb0" vertex="1">
        <mxGeometry x="655" y="167.5" width="32" height="32" as="geometry"/>
      </mxCell>
    </event>
    <mxCell id="f7615f0b-ecec-9e29-af95-e172942bf03c" value="" parent="1c77877b-a8c6-c5c9-bf55-e88138e37cb0" source="4c56d625-4946-08e5-caa2-73b76e63381e" target="e3c37c0c-4b63-8d9c-62d2-fae7b22a4942" edge="1" label="">
      <mxGeometry relative="1" as="geometry"/>
    </mxCell>
    <mxCell id="2114eabe-093f-97e4-4f42-04f4b4a8404e" value="" parent="1c77877b-a8c6-c5c9-bf55-e88138e37cb0" source="e3c37c0c-4b63-8d9c-62d2-fae7b22a4942" target="6fee3271-6f04-639c-da0e-4aa44cff5cc8" edge="1">
      <mxGeometry relative="1" as="geometry"/>
    </mxCell>
    <mxCell id="790ad5f6-1e0d-8f3f-3673-7e9112dd43ca" value="" parent="1c77877b-a8c6-c5c9-bf55-e88138e37cb0" source="2ef671e2-08de-27b8-c3a1-8aae45fafc1e" target="c8d7fec0-f2a8-defc-0938-cf9d06466c13" edge="1">
      <mxGeometry relative="1" as="geometry"/>
    </mxCell>
    <mxCell id="0c26e64f-4b2b-fa77-9895-810947584dee" value="" parent="1c77877b-a8c6-c5c9-bf55-e88138e37cb0" source="2ef671e2-08de-27b8-c3a1-8aae45fafc1e" target="5e1f1530-108b-c7b5-fa63-a50482347e8b" edge="1">
      <mxGeometry relative="1" as="geometry">
        <Array as="points">
          <mxPoint x="307" y="180"/>
        </Array>
      </mxGeometry>
    </mxCell>
    <rule name="runScript" properties="{&quot;properties.sync&quot;:&quot;false&quot;,&quot;properties.script&quot;:&quot;&quot;,&quot;properties.path&quot;:&quot;System/scripts/AssignEmployeeTerminationManager.groovy&quot;}" label="Assign" id="6d0170bd-b556-2f28-67e6-f066be6fcb10">
      <mxCell style="image;image=images/script.png" vertex="1" parent="1c77877b-a8c6-c5c9-bf55-e88138e37cb0">
        <mxGeometry x="336" y="282" width="38" height="38" as="geometry"/>
      </mxCell>
    </rule>
    <rule name="sendEmail" properties="{&quot;properties.to&quot;:&quot;${_manager_}&quot;,&quot;properties.subject&quot;:&quot;Employee ${owner} Resignation Letter&quot;,&quot;properties.from&quot;:&quot;No-reply@Transnet.co.za&quot;,&quot;properties.inReplyTo&quot;:&quot;&quot;,&quot;properties.html&quot;:&quot;true&quot;,&quot;properties.sms&quot;:&quot;false&quot;,&quot;properties.body&quot;:&quot;Dear ${_manager_}\n\nPlease Review Resignation Letter from Employee ${owner}\n\nTo access the form, click on the link below\n\n${perm_link}&quot;,&quot;properties.attachSource&quot;:&quot;false&quot;,&quot;properties.attachAttachments&quot;:&quot;false&quot;,&quot;properties.attachPdf&quot;:&quot;false&quot;,&quot;properties.attachLinks&quot;:&quot;false&quot;,&quot;properties.index&quot;:&quot;&quot;}" label="Notify" node="" menu="Workflow" currentusersonly="true" documentbased="false" id="ecd9910e-0100-9a99-31c3-a3e67ac4e4ea">









                                                            <audit audit="" description=""/>









                                                            <status status="" field="workflow_status"/>
      <mxCell style="image;image=images/send_email.png" vertex="1" parent="1c77877b-a8c6-c5c9-bf55-e88138e37cb0">
        <mxGeometry x="449" y="282" width="38" height="38" as="geometry"/>
      </mxCell>
    </rule>
    <party label="Line Manager" to="${_manager_},${forensic_investigator},${_er_officer_}" instruction="" allocationmethod="Original Recipient" groupdistribution="Rotational" node="" menu="Workflow" currentusersonly="true" documentbased="false" id="e0046df6-1428-a98e-8ad4-ac09cdd56cdc">
















                                                                                                      <audit audit="" description=""/>
















                                                                                                      <status status="${users}" field="_manager_"/>
      <mxCell style="image;image=images/user.png" vertex="1" parent="1c77877b-a8c6-c5c9-bf55-e88138e37cb0">
        <mxGeometry x="641" y="277" width="48" height="48" as="geometry"/>
      </mxCell>
    </party>
    <mxCell id="5a2fb013-6666-47de-16c7-40535978040a" value="" edge="1" parent="1c77877b-a8c6-c5c9-bf55-e88138e37cb0" source="2ef671e2-08de-27b8-c3a1-8aae45fafc1e" target="6d0170bd-b556-2f28-67e6-f066be6fcb10">
      <mxGeometry relative="1" as="geometry">
        <Array as="points">
          <mxPoint x="307" y="247"/>
        </Array>
      </mxGeometry>
    </mxCell>
    <mxCell id="2624617e-ff94-070b-6320-9f75cfcef97c" value="" edge="1" parent="1c77877b-a8c6-c5c9-bf55-e88138e37cb0" source="6d0170bd-b556-2f28-67e6-f066be6fcb10" target="ecd9910e-0100-9a99-31c3-a3e67ac4e4ea">
      <mxGeometry relative="1" as="geometry"/>
    </mxCell>
    <mxCell id="973da993-a9e6-e8df-20da-1372d2ab6910" value="" edge="1" parent="1c77877b-a8c6-c5c9-bf55-e88138e37cb0" source="ecd9910e-0100-9a99-31c3-a3e67ac4e4ea" target="e0046df6-1428-a98e-8ad4-ac09cdd56cdc">
      <mxGeometry relative="1" as="geometry"/>
    </mxCell>
    <mxCell id="a38e07c8-9020-4991-155c-d4c1d09c59eb" value="" edge="1" parent="1c77877b-a8c6-c5c9-bf55-e88138e37cb0" source="e0046df6-1428-a98e-8ad4-ac09cdd56cdc" target="4d50ccff-e9a1-56e4-31f9-77be60b65afc">
      <mxGeometry relative="1" as="geometry">
        <Array as="points">
          <mxPoint x="894" y="301"/>
          <mxPoint x="894" y="87"/>
        </Array>
      </mxGeometry>
    </mxCell>
    <mxCell id="18936cdc-0100-7dc3-5b66-2ad740db758f" value="" edge="1" parent="1c77877b-a8c6-c5c9-bf55-e88138e37cb0" source="6fee3271-6f04-639c-da0e-4aa44cff5cc8" target="e0046df6-1428-a98e-8ad4-ac09cdd56cdc">
      <mxGeometry relative="1" as="geometry">
        <Array as="points">
          <mxPoint x="786" y="87"/>
          <mxPoint x="786" y="261"/>
          <mxPoint x="665" y="261"/>
        </Array>
      </mxGeometry>
    </mxCell>
  </root>
</mxGraphModel>
