<mxGraphModel>
  <root>
    <mxCell id="6fa27f74-a119-d982-1913-a6b1bf69cb8f"/>
    <mxCell id="89cfb956-af81-2e93-2d05-d154bc59568a" parent="6fa27f74-a119-d982-1913-a6b1bf69cb8f"/>
    <start label="Start" id="463acd4a-9dfe-a905-bee3-363b1fadb977">
      <mxCell style="image;image=images/symbols/event.png" parent="89cfb956-af81-2e93-2d05-d154bc59568a" vertex="1">
        <mxGeometry x="25" y="83.5" width="25" height="25" as="geometry"/>
      </mxCell>
    </start>
    <end label="End" id="daac9ecc-8857-f3fa-b665-a2110908d334">
      <mxCell style="image;image=images/symbols/terminate.png" parent="89cfb956-af81-2e93-2d05-d154bc59568a" vertex="1">
        <mxGeometry x="695" y="83.5" width="25" height="25" as="geometry"/>
      </mxCell>
    </end>
    <party label="HCP" to="${_hcp_}" instruction="" allocationmethod="Original Recipient" groupdistribution="Rotational" id="540fbd1e-25dc-bfc8-919c-21532c7de08d">
      <mxCell style="image;image=images/user.png" parent="89cfb956-af81-2e93-2d05-d154bc59568a" vertex="1">
        <mxGeometry x="183" y="72" width="48" height="48" as="geometry"/>
      </mxCell>
    </party>
    <event label="Document.sign" async="false" id="be3a7903-052f-f53f-f79c-3ff0e5116cab">
      <mxCell style="image;image=images/symbols/rule.png" parent="89cfb956-af81-2e93-2d05-d154bc59568a" vertex="1">
        <mxGeometry x="279" y="80" width="32" height="32" as="geometry"/>
      </mxCell>
    </event>
    <mxCell id="18545895-f759-54ee-1f84-455fcb163d53" value="" parent="89cfb956-af81-2e93-2d05-d154bc59568a" source="540fbd1e-25dc-bfc8-919c-21532c7de08d" target="be3a7903-052f-f53f-f79c-3ff0e5116cab" edge="1">
      <mxGeometry relative="1" as="geometry"/>
    </mxCell>
    <version label="0.7" docid="1114" date="Mon Mar 26 2018 11:35:18 GMT+0200 (SAST)" docId="23530" id="77b5eb21-f4ab-aa51-43f1-49b3d4fcc98f">
      <mxCell parent="89cfb956-af81-2e93-2d05-d154bc59568a" vertex="1" connectable="0">
        <mxGeometry x="5" y="5" width="40" height="20" as="geometry"/>
      </mxCell>
    </version>
    <rule name="sendEmail" properties="{&quot;properties.to&quot;:&quot;${owner}&quot;,&quot;properties.subject&quot;:&quot;Acknowledgement Resignation Letter Signed for Employee ${full_name}&quot;,&quot;properties.from&quot;:&quot;No-reply@Transnet.co.za&quot;,&quot;properties.inReplyTo&quot;:&quot;&quot;,&quot;properties.html&quot;:&quot;true&quot;,&quot;properties.sms&quot;:&quot;false&quot;,&quot;properties.body&quot;:&quot;Dear ${owner}\n\nThe Acknowledgement Resignation Letter for Employee ${full_name} has been approved&quot;,&quot;properties.attachSource&quot;:&quot;false&quot;,&quot;properties.attachAttachments&quot;:&quot;false&quot;,&quot;properties.attachPdf&quot;:&quot;false&quot;,&quot;properties.attachLinks&quot;:&quot;false&quot;,&quot;properties.index&quot;:&quot;&quot;}" label="Notify Owner" id="8e089212-da36-65b7-af65-a0f33ef5b2ae">
      <mxCell style="image;image=images/send_email.png" parent="89cfb956-af81-2e93-2d05-d154bc59568a" vertex="1">
        <mxGeometry x="377" y="77" width="38" height="38" as="geometry"/>
      </mxCell>
    </rule>
    <rule name="file" properties="{}" label="File" id="cfb7681b-350b-fdb8-0844-3bf807695e97">
      <mxCell style="image;image=images/file.png" parent="89cfb956-af81-2e93-2d05-d154bc59568a" vertex="1">
        <mxGeometry x="596" y="77" width="38" height="38" as="geometry"/>
      </mxCell>
    </rule>
    <mxCell id="59c93fe6-4694-918a-702d-2794d3ca0e5f" value="" parent="89cfb956-af81-2e93-2d05-d154bc59568a" source="cfb7681b-350b-fdb8-0844-3bf807695e97" target="daac9ecc-8857-f3fa-b665-a2110908d334" edge="1">
      <mxGeometry relative="1" as="geometry"/>
    </mxCell>
    <mxCell id="934ac65b-91ad-5239-14f5-748505fa2b03" value="" parent="89cfb956-af81-2e93-2d05-d154bc59568a" source="be3a7903-052f-f53f-f79c-3ff0e5116cab" target="8e089212-da36-65b7-af65-a0f33ef5b2ae" edge="1">
      <mxGeometry relative="1" as="geometry"/>
    </mxCell>
    <rule name="runScript" properties="{&quot;properties.sync&quot;:&quot;false&quot;,&quot;properties.script&quot;:&quot;import com.egis.kernel.Kernel;\ndoc.signature().assignRole(&#39;_hcp_&#39;, &#39;&#39;)\ndoc.workflow().set(&#39;_hcp_&#39;, Kernel.get(&#39;com.egis.party.GroupService&#39;).getMembers(&#39;HCP&#39;, null)[0])\n&quot;,&quot;properties.path&quot;:&quot;&quot;}" id="0790613d-bc32-0ffd-005e-35bf134f91e1">
      <mxCell style="image;image=images/script.png" parent="89cfb956-af81-2e93-2d05-d154bc59568a" vertex="1">
        <mxGeometry x="96" y="77" width="38" height="38" as="geometry"/>
      </mxCell>
    </rule>
    <mxCell id="f3acb63e-280b-0fbb-101f-6fdcbc1aceba" value="" parent="89cfb956-af81-2e93-2d05-d154bc59568a" source="463acd4a-9dfe-a905-bee3-363b1fadb977" target="0790613d-bc32-0ffd-005e-35bf134f91e1" edge="1">
      <mxGeometry relative="1" as="geometry"/>
    </mxCell>
    <mxCell id="e709e098-4b93-c5df-81c7-54cb8a44d993" value="" parent="89cfb956-af81-2e93-2d05-d154bc59568a" source="0790613d-bc32-0ffd-005e-35bf134f91e1" target="540fbd1e-25dc-bfc8-919c-21532c7de08d" edge="1">
      <mxGeometry relative="1" as="geometry"/>
    </mxCell>
    <mxCell id="273b4a74-3ca1-3678-b25d-182720562fbc" value="" parent="89cfb956-af81-2e93-2d05-d154bc59568a" source="8e089212-da36-65b7-af65-a0f33ef5b2ae" target="cfb7681b-350b-fdb8-0844-3bf807695e97" edge="1">
      <mxGeometry relative="1" as="geometry"/>
    </mxCell>
  </root>
</mxGraphModel>
